{"cameraMode":{"drawMode":0,"name":"Shaded","section":"Shading Mode"},"sceneLighting":true,"audioPlay":false,"sceneViewState":{"m_AlwaysRefresh":false,"showFog":true,"showSkybox":false,"showFlares":true,"showImageEffects":true,"showParticleSystems":true,"showVisualEffectGraphs":true,"m_FxEnabled":true},"in2DMode":false,"pivot":{"x":6.120733737945557,"y":1.8212804794311524,"z":11.388669967651368},"rotation":{"x":0.21366502344608308,"y":-0.101450115442276,"z":0.020896760746836664,"w":0.9716649055480957},"size":2.0146424770355226,"orthographic":false}