{"cameraMode":{"drawMode":0,"name":"Shaded","section":"Shading Mode"},"sceneLighting":true,"audioPlay":false,"sceneViewState":{"m_AlwaysRefresh":false,"showFog":true,"showSkybox":true,"showFlares":true,"showImageEffects":true,"showParticleSystems":true,"showVisualEffectGraphs":true,"m_FxEnabled":true},"in2DMode":false,"pivot":{"x":3.639683246612549,"y":-3.8737995624542238,"z":-13.059253692626954},"rotation":{"x":0.008048444986343384,"y":-0.9729914665222168,"z":0.2288481593132019,"w":0.03433556482195854},"size":11.733003616333008,"orthographic":false}