{"cameraMode":{"drawMode":0,"name":"Shaded","section":"Shading Mode"},"sceneLighting":true,"audioPlay":false,"sceneViewState":{"m_AlwaysRefresh":false,"showFog":true,"showSkybox":true,"showFlares":true,"showImageEffects":true,"showParticleSystems":true,"showVisualEffectGraphs":true,"m_FxEnabled":true},"in2DMode":false,"pivot":{"x":2.4135231971740724,"y":3.7603161334991457,"z":12.453451156616211},"rotation":{"x":0.035448990762233737,"y":-0.9635036587715149,"z":0.15620297193527223,"w":0.21610310673713685},"size":3.2015621662139894,"orthographic":false}