{"cameraMode":{"drawMode":0,"name":"Shaded","section":"Shading Mode"},"sceneLighting":false,"audioPlay":false,"sceneViewState":{"m_AlwaysRefresh":false,"showFog":true,"showSkybox":false,"showFlares":true,"showImageEffects":true,"showParticleSystems":true,"showVisualEffectGraphs":true,"m_FxEnabled":true},"in2DMode":false,"pivot":{"x":-6.900000095367432,"y":-0.47999998927116396,"z":-0.3600001335144043},"rotation":{"x":-0.0528554692864418,"y":-0.9382411241531372,"z":0.29695141315460207,"w":-0.17097273468971253},"size":1.2538537979125977,"orthographic":false}